bill_ID,value,kategori
1,11,sangat sering
2,11,sangat sering
3,9,sering
4,7,sering
5,2,jarang
6,5,jarang
7,7,sering
8,6,sering
9,8,sering
10,13,sangat sering
11,7,sering
12,8,sering
13,5,jarang
14,9,sering
15,3,jarang
16,16,sangat sering
17,10,sering
18,9,sering
19,8,sering
20,6,sering
21,2,jarang
22,6,sering
23,7,sering
24,14,sangat sering
25,10,sering
26,8,sering
27,7,sering
28,16,sangat sering
29,3,jarang
30,5,jarang
31,6,sering
32,5,jarang
33,8,sering
34,26,sangat sering
35,9,sering
36,15,sangat sering
37,7,sering
38,8,sering
39,10,sering
40,5,jarang
41,5,jarang
42,10,sering
43,5,jarang
44,2,jarang
45,13,sangat sering
46,12,sangat sering
47,6,sering
48,13,sangat sering
49,4,jarang
50,5,jarang
51,8,sering
52,7,sering
53,5,jarang
54,6,sering
55,8,sering
56,9,sering
57,8,sering
58,19,sangat sering
59,9,sering
60,1,jarang
61,12,sangat sering
62,11,sangat sering
63,4,jarang
64,8,sering
65,19,sangat sering
66,11,sangat sering
67,2,jarang
68,6,sering
69,4,jarang
70,12,sangat sering
71,10,sering
72,3,jarang
73,7,sering
74,15,sangat sering
75,9,sering
76,27,sangat sering
77,7,sering
78,5,jarang
79,19,sangat sering
80,6,sering
81,6,sering
82,14,sangat sering
83,5,jarang
84,15,sangat sering
85,4,jarang
86,17,sangat sering
87,8,sering
88,13,sangat sering
89,19,sangat sering
90,10,sering
91,10,sering
92,13,sangat sering
93,13,sangat sering
94,5,jarang
95,7,sering
96,13,sangat sering
97,4,jarang
98,9,sering
99,8,sering
100,14,sangat sering
101,7,sering
102,12,sangat sering
103,8,sering
104,2,jarang
105,27,sangat sering
106,13,sangat sering
107,9,sering
108,10,sering
109,5,jarang
110,10,sering
111,4,jarang
112,7,sering
113,7,sering
114,6,sering
115,12,sangat sering
116,10,sering
117,8,sering
118,15,sangat sering
119,11,sangat sering
120,5,jarang
121,5,jarang
122,7,sering
123,7,sering
124,5,jarang
125,9,sering
126,8,sering
127,5,jarang
128,29,sangat sering
129,21,sangat sering
130,15,sangat sering
131,9,sering
132,11,sangat sering
133,4,jarang
134,14,sangat sering
135,5,jarang
136,5,jarang
137,3,jarang
138,8,sering
139,7,sering
140,5,jarang
141,8,sering
142,11,sangat sering
143,3,jarang
144,11,sangat sering
145,2,jarang
146,5,jarang
147,8,sering
148,6,sering
149,25,sangat sering
150,8,sering
151,10,sering
152,6,sering
153,9,sering
154,10,sering
155,3,jarang
156,2,jarang
157,10,sering
158,10,sering
159,7,sering
160,2,jarang
161,4,jarang
162,13,sangat sering
163,2,jarang
164,14,sangat sering
165,8,sering
166,8,sering
167,5,jarang
168,5,jarang
169,10,sering
170,4,jarang
171,7,sering
172,3,jarang
173,6,sering
174,13,sangat sering
175,6,sering
176,14,sangat sering
177,7,sering
178,5,jarang
179,10,sering
180,11,sangat sering
181,7,sering
182,8,sering
183,6,sering
184,3,jarang
185,6,sering
186,6,sering
187,8,sering
188,6,sering
189,4,jarang
190,4,jarang
191,3,jarang
192,4,jarang
193,14,sangat sering
194,4,jarang
195,5,jarang
196,7,sering
197,6,sering
198,6,sering
199,5,jarang
200,8,sering
201,10,sering
202,5,jarang
203,4,jarang
204,7,sering
205,6,sering
206,7,sering
207,6,sering
208,12,sangat sering
209,4,jarang
210,23,sangat sering
211,16,sangat sering
212,9,sering
213,26,sangat sering
214,3,jarang
215,7,sering
216,8,sering
217,14,sangat sering
218,7,sering
219,17,sangat sering
220,10,sering
221,22,sangat sering
222,8,sering
223,10,sering
224,15,sangat sering
225,21,sangat sering
226,11,sangat sering
227,6,sering
228,4,jarang
229,12,sangat sering
230,8,sering
231,7,sering
232,4,jarang
233,8,sering
234,4,jarang
235,12,sangat sering
236,3,jarang
237,2,jarang
238,1,jarang
239,2,jarang
240,3,jarang
241,5,jarang
242,9,sering
243,2,jarang
244,3,jarang
245,3,jarang
246,8,sering
247,9,sering
248,8,sering
249,2,jarang
250,5,jarang
251,4,jarang
252,8,sering
253,6,sering
254,4,jarang
255,5,jarang
256,6,sering
257,8,sering
258,8,sering
259,5,jarang
260,2,jarang
261,8,sering
262,13,sangat sering
263,6,sering
264,12,sangat sering
265,12,sangat sering
266,6,sering
267,3,jarang
268,11,sangat sering
269,9,sering
270,12,sangat sering
271,12,sangat sering
272,14,sangat sering
273,5,jarang
274,6,sering
275,6,sering
276,11,sangat sering
277,11,sangat sering
278,6,sering
279,2,jarang
280,10,sering
281,14,sangat sering
282,3,jarang
283,4,jarang
284,7,sering
285,3,jarang
286,7,sering
287,7,sering
288,2,jarang
289,5,jarang
290,11,sangat sering
291,5,jarang
292,5,jarang
293,4,jarang
294,12,sangat sering
295,13,sangat sering
296,9,sering
297,4,jarang
298,6,sering
299,4,jarang
300,3,jarang
301,4,jarang
302,7,sering
303,8,sering
304,8,sering
305,8,sering
306,11,sangat sering
307,6,sering
308,6,sering
309,3,jarang
310,6,sering
311,2,jarang
312,1,jarang
313,5,jarang
314,5,jarang
315,3,jarang
316,4,jarang
317,7,sering
318,14,sangat sering
319,3,jarang
320,10,sering
321,4,jarang
322,11,sangat sering
323,4,jarang
324,9,sering
325,3,jarang
326,6,sering
327,9,sering
328,12,sangat sering
329,5,jarang
330,15,sangat sering
331,7,sering
332,3,jarang
333,5,jarang
334,7,sering
335,3,jarang
336,9,sering
337,5,jarang
338,5,jarang
339,6,sering
340,6,sering
341,6,sering
342,3,jarang
343,6,sering
344,3,jarang
345,9,sering
346,9,sering
347,9,sering
348,11,sangat sering
349,10,sering
350,5,jarang
351,5,jarang
352,4,jarang
353,5,jarang
354,9,sering
355,8,sering
356,3,jarang
357,9,sering
358,6,sering
359,4,jarang
360,10,sering
361,1,jarang
362,1,jarang
363,7,sering
364,2,jarang
365,1,jarang
366,6,sering
367,3,jarang
368,6,sering
369,18,sangat sering
370,5,jarang
371,14,sangat sering
372,8,sering
373,21,sangat sering
374,8,sering
375,5,jarang
376,8,sering
377,5,jarang
378,4,jarang
379,11,sangat sering
380,4,jarang
381,8,sering
382,12,sangat sering
383,9,sering
384,7,sering
385,11,sangat sering
386,10,sering
387,11,sangat sering
388,7,sering
389,2,jarang
390,4,jarang
391,2,jarang
392,7,sering
393,3,jarang
394,6,sering
395,22,sangat sering
396,29,sangat sering
397,7,sering
398,10,sering
399,11,sangat sering
400,6,sering
401,16,sangat sering
402,26,sangat sering
403,18,sangat sering
404,9,sering
405,7,sering
406,8,sering
407,7,sering
408,7,sering
409,10,sering
410,5,jarang
411,18,sangat sering
412,7,sering
413,5,jarang
414,6,sering
415,2,jarang
416,3,jarang
417,4,jarang
418,5,jarang
419,4,jarang
420,7,sering
421,12,sangat sering
422,8,sering
423,11,sangat sering
424,9,sering
425,8,sering
426,7,sering
427,12,sangat sering
428,2,jarang
429,3,jarang
430,15,sangat sering
431,2,jarang
432,7,sering
433,2,jarang
434,9,sering
435,5,jarang
436,4,jarang
437,12,sangat sering
438,5,jarang
439,16,sangat sering
440,11,sangat sering
441,6,sering
442,11,sangat sering
443,5,jarang
444,7,sering
445,19,sangat sering
446,10,sering
447,1,jarang
448,5,jarang
449,6,sering
450,10,sering
451,3,jarang
452,3,jarang
453,4,jarang
454,3,jarang
455,3,jarang
456,5,jarang
457,6,sering
458,9,sering
459,2,jarang
460,8,sering
461,1,jarang
462,3,jarang
463,2,jarang
464,2,jarang
465,11,sangat sering
466,5,jarang
467,1,jarang
468,4,jarang
469,2,jarang
470,4,jarang
471,7,sering
472,3,jarang
473,4,jarang
474,4,jarang
475,4,jarang
476,2,jarang
477,2,jarang
478,4,jarang
479,4,jarang
480,4,jarang
481,2,jarang
482,3,jarang
483,4,jarang
484,4,jarang
485,2,jarang
486,3,jarang
487,3,jarang
488,4,jarang
489,4,jarang
490,4,jarang
491,8,sering
492,5,jarang
493,5,jarang
494,5,jarang
495,10,sering
496,2,jarang
497,3,jarang
498,4,jarang
499,1,jarang
500,4,jarang
501,2,jarang
502,3,jarang
503,3,jarang
504,1,jarang
505,1,jarang
506,1,jarang
507,10,sering
508,4,jarang
509,4,jarang
510,5,jarang
511,1,jarang
512,1,jarang
513,4,jarang
514,2,jarang
515,3,jarang
516,1,jarang
517,6,sering
518,5,jarang
519,9,sering
520,6,sering
521,5,jarang
522,2,jarang
523,6,sering
524,2,jarang
525,1,jarang
526,1,jarang
527,2,jarang
528,1,jarang
529,2,jarang
530,14,sangat sering
531,3,jarang
532,2,jarang
533,3,jarang
534,4,jarang
535,3,jarang
536,2,jarang
537,2,jarang
538,3,jarang
539,7,sering
540,1,jarang
541,1,jarang
542,3,jarang
543,8,sering
544,11,sangat sering
545,3,jarang
546,2,jarang
547,3,jarang
548,4,jarang
549,7,sering
550,2,jarang
551,7,sering
552,4,jarang
553,9,sering
554,5,jarang
555,5,jarang
556,6,sering
557,2,jarang
558,1,jarang
559,2,jarang
560,4,jarang
561,6,sering
562,4,jarang
563,4,jarang
564,4,jarang
565,7,sering
566,6,sering
567,6,sering
568,5,jarang
569,1,jarang
570,4,jarang
571,7,sering
572,3,jarang
573,3,jarang
574,3,jarang
575,3,jarang
576,2,jarang
577,4,jarang
578,2,jarang
579,8,sering
580,4,jarang
581,10,sering
582,8,sering
583,2,jarang
584,11,sangat sering
585,2,jarang
586,1,jarang
587,1,jarang
588,1,jarang
589,2,jarang
590,1,jarang
591,1,jarang
592,11,sangat sering
593,4,jarang
594,7,sering
595,4,jarang
596,1,jarang
597,5,jarang
598,1,jarang
599,2,jarang
600,1,jarang
601,1,jarang
602,3,jarang
603,1,jarang
604,1,jarang
605,12,sangat sering
606,1,jarang
607,8,sering
608,2,jarang
609,2,jarang
610,5,jarang
611,8,sering
612,6,sering
613,9,sering
614,3,jarang
615,1,jarang
616,13,sangat sering
617,1,jarang
618,1,jarang
619,4,jarang
620,2,jarang
621,11,sangat sering
622,9,sering
623,8,sering
624,2,jarang
625,8,sering
626,6,sering
627,6,sering
628,1,jarang
629,5,jarang
630,6,sering
631,5,jarang
632,4,jarang
633,6,sering
634,2,jarang
635,9,sering
636,2,jarang
637,3,jarang
638,2,jarang
639,3,jarang
640,9,sering
641,9,sering
642,1,jarang
643,1,jarang
644,2,jarang
645,24,sangat sering
646,5,jarang
647,12,sangat sering
648,3,jarang
649,1,jarang
650,1,jarang
651,6,sering
652,2,jarang
653,1,jarang
654,9,sering
655,7,sering
656,1,jarang
657,3,jarang
658,2,jarang
659,1,jarang
660,5,jarang
661,2,jarang
662,2,jarang
663,2,jarang
664,3,jarang
665,2,jarang
666,2,jarang
667,4,jarang
668,3,jarang
669,4,jarang
670,6,sering
671,1,jarang
672,2,jarang
673,5,jarang
674,5,jarang
675,4,jarang
676,2,jarang
677,4,jarang
678,7,sering
679,6,sering
680,2,jarang
681,2,jarang
682,2,jarang
683,4,jarang
684,7,sering
685,1,jarang
686,2,jarang
687,2,jarang
688,1,jarang
689,4,jarang
690,3,jarang
691,1,jarang
692,1,jarang
693,8,sering
694,1,jarang
695,1,jarang
696,2,jarang
697,1,jarang
698,1,jarang
699,1,jarang
700,1,jarang
701,2,jarang
702,2,jarang
703,3,jarang
704,2,jarang
705,1,jarang
706,1,jarang
707,1,jarang
708,8,sering
709,1,jarang
710,2,jarang
711,1,jarang
712,2,jarang
713,3,jarang
714,1,jarang
715,2,jarang
716,2,jarang
717,5,jarang
718,1,jarang
719,1,jarang
720,3,jarang
721,9,sering
722,3,jarang
723,2,jarang
724,1,jarang
725,11,sangat sering
726,18,sangat sering
727,3,jarang
728,2,jarang
729,1,jarang
730,2,jarang
731,6,sering
732,4,jarang
733,1,jarang
734,3,jarang
735,1,jarang
736,1,jarang
737,2,jarang
738,3,jarang
739,1,jarang
740,1,jarang
741,1,jarang
742,3,jarang
743,1,jarang
744,2,jarang
745,1,jarang
746,1,jarang
747,3,jarang
748,1,jarang
749,2,jarang
750,1,jarang
751,1,jarang
752,1,jarang
753,2,jarang
754,1,jarang
755,1,jarang
756,2,jarang
757,4,jarang
758,1,jarang
759,2,jarang
760,1,jarang
761,4,jarang
762,1,jarang
763,2,jarang
764,1,jarang
765,2,jarang
766,1,jarang
767,2,jarang
768,2,jarang
769,2,jarang
770,1,jarang
771,3,jarang
772,1,jarang
773,1,jarang
774,1,jarang
775,1,jarang
776,4,jarang
777,2,jarang
778,3,jarang
779,1,jarang
780,4,jarang
781,10,sering
782,1,jarang
783,1,jarang
784,1,jarang
785,2,jarang
786,3,jarang
787,2,jarang
788,3,jarang
789,3,jarang
790,3,jarang
791,4,jarang
792,5,jarang
793,1,jarang
794,10,sering
795,1,jarang
796,3,jarang
797,4,jarang
798,6,sering
799,3,jarang
800,2,jarang
801,1,jarang
802,4,jarang
803,5,jarang
804,5,jarang
805,1,jarang
806,1,jarang
807,3,jarang
808,3,jarang
809,3,jarang
810,2,jarang
811,1,jarang
812,5,jarang
813,3,jarang
814,5,jarang
815,1,jarang
816,3,jarang
817,3,jarang
818,1,jarang
819,3,jarang
820,1,jarang
821,5,jarang
822,1,jarang
823,6,sering
824,5,jarang
825,1,jarang
826,3,jarang
827,2,jarang
828,3,jarang
829,1,jarang
830,2,jarang
831,3,jarang
832,3,jarang
833,1,jarang
834,2,jarang
835,2,jarang
836,3,jarang
837,3,jarang
838,1,jarang
839,2,jarang
840,1,jarang
841,1,jarang
842,2,jarang
843,2,jarang
844,2,jarang
845,2,jarang
846,1,jarang
847,4,jarang
848,2,jarang
849,2,jarang
850,3,jarang
851,2,jarang
852,1,jarang
853,3,jarang
854,3,jarang
855,4,jarang
856,1,jarang
857,1,jarang
858,1,jarang
859,8,sering
860,4,jarang
861,1,jarang
862,6,sering
863,1,jarang
864,6,sering
865,3,jarang
866,2,jarang
867,2,jarang
868,6,sering
869,1,jarang
870,6,sering
871,4,jarang
872,7,sering
873,2,jarang
874,1,jarang
875,2,jarang
876,1,jarang
877,13,sangat sering
878,4,jarang
879,2,jarang
880,5,jarang
881,12,sangat sering
882,2,jarang
883,1,jarang
884,3,jarang
885,2,jarang
886,1,jarang
887,5,jarang
888,3,jarang
889,2,jarang
890,3,jarang
891,1,jarang
892,3,jarang
893,2,jarang
894,1,jarang
895,5,jarang
896,3,jarang
897,2,jarang
898,1,jarang
899,1,jarang
900,1,jarang
901,4,jarang
902,11,sangat sering
903,2,jarang
904,1,jarang
905,1,jarang
906,2,jarang
907,6,sering
908,1,jarang
909,1,jarang
910,1,jarang
911,1,jarang
912,4,jarang
913,2,jarang
914,3,jarang
915,1,jarang
916,1,jarang
917,2,jarang
918,1,jarang
919,4,jarang
920,1,jarang
921,1,jarang
922,1,jarang
923,1,jarang
924,2,jarang
925,2,jarang
926,1,jarang
927,2,jarang
928,2,jarang
929,1,jarang
930,1,jarang
931,2,jarang
932,3,jarang
933,2,jarang
934,14,sangat sering
935,1,jarang
936,3,jarang
937,1,jarang
938,5,jarang
939,1,jarang
940,3,jarang
941,2,jarang
942,12,sangat sering
943,3,jarang
944,2,jarang
945,2,jarang
946,1,jarang
947,4,jarang
948,2,jarang
949,3,jarang
950,7,sering
951,4,jarang
952,3,jarang
953,3,jarang
954,1,jarang
955,2,jarang
956,1,jarang
957,2,jarang
958,2,jarang
959,1,jarang
960,1,jarang
961,1,jarang
962,1,jarang
963,2,jarang
964,1,jarang
965,1,jarang
966,1,jarang
967,1,jarang
968,1,jarang
969,1,jarang
970,1,jarang
971,1,jarang
972,1,jarang
973,1,jarang
974,1,jarang
975,1,jarang
976,2,jarang
977,1,jarang
978,2,jarang
979,5,jarang
980,1,jarang
981,3,jarang
982,1,jarang
983,3,jarang
984,2,jarang
985,1,jarang
986,2,jarang
987,4,jarang
988,2,jarang
989,1,jarang
990,1,jarang
991,3,jarang
992,1,jarang
993,5,jarang
994,1,jarang
995,2,jarang
996,5,jarang
997,3,jarang
998,1,jarang
999,1,jarang
1000,2,jarang
1001,4,jarang
1002,1,jarang
1003,3,jarang
1004,3,jarang
1005,2,jarang
1006,2,jarang
1007,1,jarang
1008,1,jarang
1009,1,jarang
1010,2,jarang
1011,1,jarang
1012,2,jarang
1013,2,jarang
1014,3,jarang
1015,8,sering
1016,5,jarang
1017,3,jarang
1018,2,jarang
1019,4,jarang
1020,2,jarang
1021,4,jarang
1022,2,jarang
1023,1,jarang
1024,1,jarang
1025,4,jarang
1026,1,jarang
1027,6,sering
1028,1,jarang
1029,3,jarang
1030,5,jarang
1031,1,jarang
1032,1,jarang
1033,2,jarang
1034,2,jarang
1035,2,jarang
1036,5,jarang
1037,1,jarang
1038,2,jarang
1039,3,jarang
1040,3,jarang
1041,1,jarang
1042,2,jarang
1043,2,jarang
1044,2,jarang
1045,4,jarang
1046,1,jarang
1047,2,jarang
1048,1,jarang
1049,5,jarang
1050,1,jarang
1051,3,jarang
1052,7,sering
1053,5,jarang
1054,6,sering
1055,3,jarang
1056,3,jarang
1057,4,jarang
1058,1,jarang
1059,1,jarang
1060,2,jarang
1061,1,jarang
1062,1,jarang
1063,1,jarang
1064,3,jarang
1065,1,jarang
1066,3,jarang
1067,2,jarang
1068,1,jarang
1069,2,jarang
1070,1,jarang
1071,1,jarang
1072,1,jarang
1073,2,jarang
1074,2,jarang
1075,2,jarang
1076,7,sering
1077,1,jarang
1078,1,jarang
1079,1,jarang
1080,2,jarang
1081,3,jarang
1082,5,jarang
1083,2,jarang
1084,2,jarang
1085,2,jarang
1086,3,jarang
1087,3,jarang
1088,3,jarang
1089,2,jarang
1090,1,jarang
1091,1,jarang
1092,1,jarang
1093,1,jarang
1094,1,jarang
1095,1,jarang
1096,1,jarang
1097,2,jarang
1098,2,jarang
1099,4,jarang
1100,7,sering
1101,2,jarang
1102,5,jarang
1103,1,jarang
1104,1,jarang
1105,1,jarang
1106,1,jarang
1107,3,jarang
1108,2,jarang
1109,2,jarang
1110,6,sering
1111,2,jarang
1112,2,jarang
1113,1,jarang
1114,1,jarang
1115,1,jarang
1116,4,jarang
1117,1,jarang
1118,1,jarang
1119,5,jarang
1120,2,jarang
1121,2,jarang
1122,1,jarang
1123,2,jarang
1124,4,jarang
1125,3,jarang
1126,2,jarang
1127,3,jarang
1128,1,jarang
1129,2,jarang
1130,3,jarang
1131,1,jarang
1132,2,jarang
1133,1,jarang
1134,1,jarang
1135,1,jarang
1136,3,jarang
1137,11,sangat sering
1138,1,jarang
1139,1,jarang
1140,2,jarang
1141,1,jarang
1142,5,jarang
1143,9,sering
1144,2,jarang
1145,4,jarang
1146,1,jarang
1147,1,jarang
1148,1,jarang
1149,1,jarang
1150,1,jarang
1151,4,jarang
1152,4,jarang
1153,2,jarang
1154,1,jarang
1155,2,jarang
1156,12,sangat sering
1157,4,jarang
1158,4,jarang
1159,3,jarang
1160,6,sering
1161,1,jarang
1162,3,jarang
1163,2,jarang
1164,10,sering
1165,3,jarang
1166,2,jarang
1167,3,jarang
1168,7,sering
1169,5,jarang
1170,4,jarang
1171,4,jarang
1172,1,jarang
1173,3,jarang
1174,8,sering
1175,4,jarang
1176,1,jarang
1177,9,sering
1178,6,sering
1179,1,jarang
1180,4,jarang
1181,2,jarang
1182,11,sangat sering
1183,5,jarang
1184,3,jarang
1185,5,jarang
1186,3,jarang
1187,9,sering
1188,3,jarang
1189,1,jarang
1190,2,jarang
1191,2,jarang
1192,2,jarang
1193,1,jarang
1194,1,jarang
1195,2,jarang
1196,1,jarang
1197,9,sering
1198,2,jarang
1199,1,jarang
1200,3,jarang
1201,3,jarang
1202,3,jarang
1203,1,jarang
1204,4,jarang
1205,4,jarang
1206,1,jarang
1207,2,jarang
1208,1,jarang
1209,2,jarang
1210,1,jarang
1211,2,jarang
1212,1,jarang
1213,2,jarang
1214,3,jarang
1215,2,jarang
1216,4,jarang
1217,2,jarang
1218,2,jarang
1219,1,jarang
1220,1,jarang
1221,1,jarang
1222,9,sering
1223,2,jarang
1224,2,jarang
1225,2,jarang
1226,2,jarang
1227,2,jarang
1228,2,jarang
1229,1,jarang
1230,4,jarang
1231,1,jarang
1232,1,jarang
1233,7,sering
1234,5,jarang
1235,3,jarang
1236,3,jarang
1237,2,jarang
1238,1,jarang
1239,1,jarang
1240,10,sering
1241,2,jarang
1242,1,jarang
1243,6,sering
1244,1,jarang
1245,2,jarang
1246,7,sering
1247,6,sering
1248,6,sering
1249,2,jarang
1250,5,jarang
1251,2,jarang
1252,2,jarang
1253,2,jarang
1254,1,jarang
1255,1,jarang
1256,2,jarang
1257,2,jarang
1258,2,jarang
1259,2,jarang
1260,5,jarang
1261,5,jarang
1262,2,jarang
1263,1,jarang
1264,1,jarang
1265,1,jarang
1266,1,jarang
1267,1,jarang
1268,2,jarang
1269,8,sering
1270,4,jarang
1271,1,jarang
1272,2,jarang
1273,1,jarang
1274,2,jarang
1275,4,jarang
1276,1,jarang
1277,2,jarang
1278,2,jarang
1279,1,jarang
1280,3,jarang
1281,2,jarang
1282,1,jarang
1283,4,jarang
1284,1,jarang
1285,1,jarang
1286,1,jarang
1287,10,sering
1288,3,jarang
1289,2,jarang
1290,4,jarang
1291,1,jarang
1292,1,jarang
1293,12,sangat sering
1294,5,jarang
1295,3,jarang
1296,2,jarang
1297,1,jarang
1298,2,jarang
1299,4,jarang
1300,6,sering
1301,1,jarang
1302,3,jarang
1303,2,jarang
1304,2,jarang
1305,1,jarang
1306,1,jarang
1307,2,jarang
1308,2,jarang
1309,3,jarang
1310,1,jarang
1311,1,jarang
1312,1,jarang
1313,2,jarang
1314,4,jarang
1315,2,jarang
1316,4,jarang
1317,1,jarang
1318,3,jarang
1319,1,jarang
1320,3,jarang
1321,5,jarang
1322,1,jarang
1323,5,jarang
1324,2,jarang
1325,4,jarang
1326,1,jarang
1327,2,jarang
1328,2,jarang
1329,2,jarang
1330,2,jarang
1331,1,jarang
1332,37,sangat sering
1333,2,jarang
1334,1,jarang
1335,1,jarang
1336,3,jarang
1337,1,jarang
1338,3,jarang
1339,2,jarang
1340,3,jarang
1341,1,jarang
1342,2,jarang
1343,2,jarang
1344,1,jarang
1345,6,sering
1346,1,jarang
1347,2,jarang
1348,2,jarang
1349,3,jarang
1350,1,jarang
1351,2,jarang
1352,4,jarang
1353,4,jarang
1354,7,sering
1355,2,jarang
1356,1,jarang
1357,4,jarang
1358,1,jarang
1359,1,jarang
1360,4,jarang
1361,2,jarang
1362,4,jarang
1363,1,jarang
1364,1,jarang
1365,2,jarang
1366,5,jarang
1367,1,jarang
1368,1,jarang
1369,1,jarang
1370,1,jarang
1371,6,sering
1372,4,jarang
1373,2,jarang
1374,3,jarang
1375,2,jarang
1376,1,jarang
1377,1,jarang
1378,4,jarang
1379,1,jarang
1380,2,jarang
1381,3,jarang
1382,1,jarang
1383,1,jarang
1384,1,jarang
1385,2,jarang
1386,4,jarang
1387,1,jarang
1388,1,jarang
1389,1,jarang
1390,2,jarang
1391,1,jarang
1392,4,jarang
1393,1,jarang
1394,1,jarang
1395,2,jarang
1396,5,jarang
1397,1,jarang
1398,2,jarang
1399,1,jarang
1400,3,jarang
1401,1,jarang
1402,5,jarang
1403,1,jarang
1404,1,jarang
1405,1,jarang
1406,1,jarang
1407,1,jarang
1408,1,jarang
1409,1,jarang
1410,1,jarang
1411,2,jarang
1412,2,jarang
1413,2,jarang
1414,2,jarang
1415,4,jarang
1416,2,jarang
1417,1,jarang
1418,1,jarang
1419,1,jarang
1420,1,jarang
1421,2,jarang
1422,1,jarang
1423,1,jarang
1424,1,jarang
1425,2,jarang
1426,1,jarang
1427,1,jarang
1428,5,jarang
1429,2,jarang
1430,3,jarang
1431,4,jarang
1432,4,jarang
1433,1,jarang
1434,3,jarang
1435,1,jarang
1436,7,sering
1437,3,jarang
1438,4,jarang
1439,2,jarang
1440,1,jarang
1441,2,jarang
1442,2,jarang
1443,6,sering
1444,2,jarang
1445,2,jarang
1446,1,jarang
1447,2,jarang
1448,3,jarang
1449,7,sering
1450,2,jarang
1451,4,jarang
1452,1,jarang
1453,1,jarang
1454,3,jarang
1455,2,jarang
1456,7,sering
1457,7,sering
1458,1,jarang
1459,5,jarang
1460,2,jarang
1461,1,jarang
1462,1,jarang
1463,5,jarang
1464,2,jarang
1465,4,jarang
1466,2,jarang
1467,3,jarang
1468,2,jarang
1469,1,jarang
1470,2,jarang
1471,2,jarang
1472,5,jarang
1473,2,jarang
1474,2,jarang
1475,2,jarang
1476,1,jarang
1477,3,jarang
1478,3,jarang
1479,1,jarang
1480,2,jarang
1481,2,jarang
1482,3,jarang
1483,1,jarang
1484,2,jarang
1485,2,jarang
1486,2,jarang
1487,1,jarang
1488,2,jarang
1489,2,jarang
1490,4,jarang
1491,3,jarang
1492,2,jarang
1493,1,jarang
1494,1,jarang
1495,1,jarang
1496,4,jarang
1497,1,jarang
1498,1,jarang
1499,1,jarang
1500,1,jarang
1501,1,jarang
1502,4,jarang
1503,1,jarang
1504,4,jarang
1505,4,jarang
1506,1,jarang
1507,2,jarang
1508,1,jarang
1509,1,jarang
1510,1,jarang
1511,2,jarang
1512,1,jarang
1513,2,jarang
1514,3,jarang
1515,6,sering
1516,2,jarang
1517,1,jarang
1518,8,sering
1519,2,jarang
1520,3,jarang
1521,6,sering
1522,1,jarang
1523,3,jarang
1524,1,jarang
1525,1,jarang
1526,3,jarang
1527,1,jarang
1528,1,jarang
1529,1,jarang
1530,1,jarang
1531,1,jarang
1532,3,jarang
1533,2,jarang
1534,1,jarang
1535,1,jarang
1536,1,jarang
1537,5,jarang
1538,1,jarang
1539,10,sering
1540,1,jarang
1541,3,jarang
1542,1,jarang
1543,1,jarang
1544,1,jarang
1545,1,jarang
1546,2,jarang
1547,1,jarang
1548,1,jarang
1549,1,jarang
1550,2,jarang
1551,2,jarang
1552,1,jarang
1553,3,jarang
1554,2,jarang
1555,2,jarang
1556,3,jarang
1557,1,jarang
1558,2,jarang
1559,2,jarang
1560,2,jarang
1561,1,jarang
1562,2,jarang
1563,1,jarang
1564,1,jarang
1565,3,jarang
1566,1,jarang
1567,1,jarang
1568,4,jarang
1569,1,jarang
1570,1,jarang
1571,2,jarang
1572,1,jarang
1573,1,jarang
1574,1,jarang
1575,1,jarang
1576,2,jarang
1577,1,jarang
1578,1,jarang
1579,2,jarang
1580,1,jarang
1581,2,jarang
1582,1,jarang
1583,1,jarang
1584,2,jarang
1585,10,sering
1586,2,jarang
1587,3,jarang
1588,2,jarang
1589,5,jarang
1590,2,jarang
1591,1,jarang
1592,5,jarang
1593,2,jarang
1594,1,jarang
1595,2,jarang
1596,3,jarang
1597,3,jarang
1598,2,jarang
1599,2,jarang
1600,1,jarang
1601,1,jarang
1602,4,jarang
1603,1,jarang
1604,1,jarang
1605,5,jarang
1606,2,jarang
1607,1,jarang
1608,4,jarang
1609,1,jarang
1610,2,jarang
1611,2,jarang
1612,2,jarang
1613,1,jarang
1614,4,jarang
1615,1,jarang
1616,1,jarang
1617,3,jarang
1618,3,jarang
1619,2,jarang
1620,4,jarang
1621,4,jarang
1622,1,jarang
1623,5,jarang
1624,4,jarang
1625,2,jarang
1626,5,jarang
1627,1,jarang
1628,1,jarang
1629,2,jarang
1630,1,jarang
1631,2,jarang
1632,1,jarang
1633,1,jarang
1634,2,jarang
1635,3,jarang
1636,3,jarang
1637,1,jarang
1638,2,jarang
1639,3,jarang
1640,4,jarang
1641,1,jarang
1642,1,jarang
1643,1,jarang
1644,2,jarang
1645,2,jarang
1646,2,jarang
1647,2,jarang
1648,2,jarang
1649,6,sering
1650,4,jarang
1651,2,jarang
1652,2,jarang
1653,1,jarang
1654,1,jarang
1655,1,jarang
1656,3,jarang
1657,5,jarang
1658,2,jarang
1659,2,jarang
1660,1,jarang
1661,1,jarang
1662,1,jarang
1663,1,jarang
1664,1,jarang
1665,1,jarang
1666,2,jarang
1667,1,jarang
1668,2,jarang
1669,1,jarang
1670,2,jarang
1671,1,jarang
1672,6,sering
1673,1,jarang
1674,1,jarang
1675,1,jarang
1676,5,jarang
1677,2,jarang
1678,1,jarang
1679,1,jarang
1680,1,jarang
1681,1,jarang
1682,1,jarang
1683,1,jarang
1684,1,jarang
1685,1,jarang
1686,1,jarang
1687,1,jarang
1688,2,jarang
1689,1,jarang
1690,1,jarang
1691,1,jarang
1692,1,jarang
1693,1,jarang
1694,1,jarang
1695,1,jarang
1696,2,jarang
1697,1,jarang
1698,1,jarang
1699,1,jarang
1700,1,jarang
1701,3,jarang
1702,1,jarang
1703,1,jarang
1704,1,jarang
1705,4,jarang
1706,2,jarang
1707,1,jarang
1708,4,jarang
1709,1,jarang
1710,2,jarang
1711,1,jarang
1712,1,jarang
1713,1,jarang
1714,1,jarang
1715,2,jarang
1716,1,jarang
1717,2,jarang
1718,3,jarang
1719,2,jarang
1720,2,jarang
1721,1,jarang
1722,1,jarang
1723,8,sering
1724,2,jarang
1725,1,jarang
1726,1,jarang
1727,1,jarang
1728,1,jarang
1729,1,jarang
1730,1,jarang
1731,1,jarang
1732,3,jarang
1733,3,jarang
1734,2,jarang
1735,3,jarang
1736,1,jarang
1737,1,jarang
1738,1,jarang
1739,3,jarang
1740,1,jarang
1741,3,jarang
1742,2,jarang
1743,2,jarang
1744,2,jarang
1745,2,jarang
1746,1,jarang
1747,1,jarang
1748,1,jarang
1749,1,jarang
1750,6,sering
1751,3,jarang
1752,1,jarang
1753,1,jarang
1754,1,jarang
1755,1,jarang
1756,1,jarang
1757,1,jarang
1758,4,jarang
1759,1,jarang
1760,4,jarang
1761,1,jarang
1762,1,jarang
1763,1,jarang
1764,2,jarang
1765,1,jarang
1766,3,jarang
1767,1,jarang
1768,2,jarang
1769,1,jarang
1770,2,jarang
1771,1,jarang
1772,1,jarang
1773,3,jarang
1774,2,jarang
1775,1,jarang
1776,1,jarang
1777,1,jarang
1778,1,jarang
1779,1,jarang
1780,1,jarang
1781,1,jarang
1782,1,jarang
1783,1,jarang
1784,4,jarang
1785,2,jarang
1786,1,jarang
1787,1,jarang
1788,2,jarang
1789,1,jarang
1790,2,jarang
1791,1,jarang
1792,1,jarang
1793,1,jarang
1794,2,jarang
1795,1,jarang
1796,3,jarang
1797,3,jarang
1798,1,jarang
1799,1,jarang
1800,1,jarang
1801,1,jarang
1802,2,jarang
1803,3,jarang
1804,2,jarang
1805,2,jarang
1806,2,jarang
1807,1,jarang
1808,2,jarang
1809,1,jarang
1810,1,jarang
1811,3,jarang
1812,1,jarang
1813,2,jarang
1814,2,jarang
1815,1,jarang
1816,3,jarang
1817,1,jarang
1818,1,jarang
1819,1,jarang
1820,4,jarang
1821,2,jarang
1822,1,jarang
1823,1,jarang
1824,1,jarang
1825,1,jarang
1826,3,jarang
1827,3,jarang
1828,1,jarang
1829,2,jarang
1830,3,jarang
1831,1,jarang
1832,1,jarang
1833,3,jarang
1834,2,jarang
1835,2,jarang
1836,1,jarang
1837,3,jarang
1838,2,jarang
1839,1,jarang
1840,1,jarang
1841,1,jarang
1842,1,jarang
1843,1,jarang
1844,1,jarang
1845,2,jarang
1846,2,jarang
1847,1,jarang
1848,2,jarang
1849,2,jarang
1850,1,jarang
1851,3,jarang
1852,2,jarang
1853,3,jarang
1854,1,jarang
1855,2,jarang
1856,2,jarang
1857,1,jarang
1858,1,jarang
1859,1,jarang
1860,1,jarang
1861,2,jarang
1862,2,jarang
1863,2,jarang
1864,1,jarang
1865,3,jarang
1866,2,jarang
1867,2,jarang
1868,1,jarang
1869,3,jarang
1870,2,jarang
1871,3,jarang
1872,2,jarang
1873,1,jarang
1874,1,jarang
1875,1,jarang
1876,2,jarang
1877,2,jarang
1878,1,jarang
1879,1,jarang
1880,4,jarang
1881,1,jarang
1882,2,jarang
1883,3,jarang
1884,2,jarang
1885,2,jarang
1886,3,jarang
1887,1,jarang
1888,2,jarang
1889,2,jarang
1890,2,jarang
1891,4,jarang
1892,1,jarang
1893,1,jarang
1894,1,jarang
1895,3,jarang
1896,2,jarang
1897,1,jarang
1898,2,jarang
1899,4,jarang
1900,1,jarang
1901,1,jarang
1902,2,jarang
1903,1,jarang
1904,1,jarang
1905,2,jarang
1906,4,jarang
1907,1,jarang
1908,2,jarang
1909,3,jarang
1910,1,jarang
1911,5,jarang
1912,2,jarang
1913,5,jarang
1914,1,jarang
1915,2,jarang
1916,1,jarang
1917,2,jarang
1918,7,sering
1919,2,jarang
1920,2,jarang
1921,2,jarang
1922,2,jarang
1923,2,jarang
1924,3,jarang
1925,1,jarang
1926,1,jarang
1927,1,jarang
1928,2,jarang
1929,1,jarang
1930,1,jarang
1931,1,jarang
1932,1,jarang
1933,2,jarang
1934,1,jarang
1935,1,jarang
1936,1,jarang
1937,4,jarang
1938,2,jarang
1939,1,jarang
1940,2,jarang
1941,1,jarang
1942,1,jarang
1943,1,jarang
1944,2,jarang
1945,5,jarang
1946,2,jarang
1947,2,jarang
1948,2,jarang
1949,2,jarang
1950,1,jarang
1951,1,jarang
1952,1,jarang
1953,3,jarang
1954,2,jarang
1955,2,jarang
1956,2,jarang
1957,1,jarang
1958,2,jarang
1959,3,jarang
1960,2,jarang
1961,3,jarang
1962,6,sering
1963,2,jarang
1964,1,jarang
1965,2,jarang
1966,1,jarang
1967,4,jarang
1968,2,jarang
1969,1,jarang
1970,3,jarang
1971,3,jarang
1972,1,jarang
1973,1,jarang
1974,4,jarang
1975,1,jarang
1976,1,jarang
1977,1,jarang
1978,1,jarang
1979,1,jarang
1980,1,jarang
1981,4,jarang
1982,2,jarang
1983,2,jarang
1984,1,jarang
1985,6,sering
1986,1,jarang
1987,1,jarang
1988,1,jarang
1989,1,jarang
1990,3,jarang
1991,2,jarang
1992,16,sangat sering
1993,1,jarang
1994,2,jarang
1995,1,jarang
1996,1,jarang
1997,1,jarang
1998,6,sering
1999,11,sangat sering
2000,1,jarang
2001,1,jarang
2002,2,jarang
2003,1,jarang
2004,12,sangat sering
2005,1,jarang
2006,1,jarang
2007,1,jarang
2008,6,sering
2009,4,jarang
2010,1,jarang
2011,1,jarang
2012,3,jarang
2013,5,jarang
2014,3,jarang
2015,1,jarang
2016,1,jarang
2017,7,sering
2018,1,jarang
2019,1,jarang
2020,1,jarang
2021,1,jarang
2022,1,jarang
2023,5,jarang
2024,1,jarang
2025,3,jarang
2026,1,jarang
2027,6,sering
2028,2,jarang
2029,1,jarang
2030,2,jarang
2031,12,sangat sering
2032,1,jarang
2033,2,jarang
2034,2,jarang
2035,6,sering
2036,1,jarang
2037,1,jarang
2038,4,jarang
2039,1,jarang
2040,1,jarang
2041,5,jarang
2042,1,jarang
2043,1,jarang
2044,1,jarang
2045,2,jarang
2046,8,sering
2047,4,jarang
2048,1,jarang
2049,1,jarang
2050,1,jarang
2051,1,jarang
2052,1,jarang
2053,1,jarang
2054,9,sering
2055,2,jarang
2056,2,jarang
2057,1,jarang
2058,2,jarang
2059,3,jarang
2060,1,jarang
2061,5,jarang
2062,16,sangat sering
2063,2,jarang
2064,1,jarang
2065,1,jarang
2066,1,jarang
2067,2,jarang
2068,1,jarang
2069,1,jarang
2070,1,jarang
2071,1,jarang
2072,1,jarang
2073,2,jarang
2074,2,jarang
2075,1,jarang
2076,1,jarang
2077,7,sering
2078,3,jarang
2079,1,jarang
2080,1,jarang
2081,2,jarang
2082,1,jarang
2083,2,jarang
2084,1,jarang
2085,2,jarang
2086,1,jarang
2087,1,jarang
2088,1,jarang
2089,1,jarang
2090,1,jarang
2091,1,jarang
2092,1,jarang
2093,3,jarang
2094,1,jarang
2095,2,jarang
2096,5,jarang
2097,2,jarang
2098,1,jarang
2099,1,jarang
2100,1,jarang
2101,1,jarang
2102,2,jarang
2103,1,jarang
2104,1,jarang
2105,1,jarang
2106,1,jarang
2107,4,jarang
2108,2,jarang
2109,2,jarang
2110,2,jarang
2111,1,jarang
2112,2,jarang
2113,1,jarang
2114,1,jarang
2115,2,jarang
2116,3,jarang
2117,1,jarang
2118,2,jarang
2119,1,jarang
2120,5,jarang
2121,1,jarang
2122,1,jarang
2123,1,jarang
2124,2,jarang
2125,6,sering
2126,2,jarang
2127,3,jarang
2128,1,jarang
2129,1,jarang
2130,1,jarang
2131,1,jarang
2132,2,jarang
2133,1,jarang
2134,2,jarang
2135,1,jarang
2136,1,jarang
2137,1,jarang
2138,1,jarang
2139,8,sering
2140,3,jarang
2141,1,jarang
2142,1,jarang
2143,2,jarang
2144,2,jarang
2145,2,jarang
2146,1,jarang
2147,1,jarang
2148,1,jarang
2149,1,jarang
2150,2,jarang
2151,1,jarang
2152,1,jarang
2153,1,jarang
2154,1,jarang
2155,3,jarang
2156,1,jarang
2157,1,jarang
2158,1,jarang
2159,1,jarang
2160,2,jarang
2161,2,jarang
2162,2,jarang
2163,1,jarang
2164,6,sering
2165,3,jarang
2166,1,jarang
2167,1,jarang
2168,1,jarang
2169,1,jarang
2170,4,jarang
2171,1,jarang
2172,1,jarang
2173,1,jarang
2174,4,jarang
2175,1,jarang
2176,1,jarang
2177,1,jarang
2178,1,jarang
2179,1,jarang
2180,3,jarang
2181,1,jarang
2182,2,jarang
2183,1,jarang
2184,1,jarang
2185,1,jarang
2186,14,sangat sering
2187,2,jarang
2188,1,jarang
2189,1,jarang
2190,3,jarang
2191,1,jarang
2192,1,jarang
2193,1,jarang
2194,2,jarang
2195,1,jarang
2196,3,jarang
2197,1,jarang
2198,6,sering
2199,2,jarang
2200,1,jarang
2201,1,jarang
2202,2,jarang
2203,1,jarang
2204,1,jarang
2205,1,jarang
2206,1,jarang
2207,2,jarang
2208,1,jarang
2209,1,jarang
2210,2,jarang
2211,1,jarang
2212,1,jarang
2213,1,jarang
2214,2,jarang
2215,1,jarang
2216,1,jarang
2217,1,jarang
2218,1,jarang
2219,4,jarang
2220,1,jarang
2221,3,jarang
2222,2,jarang
2223,1,jarang
2224,1,jarang
2225,2,jarang
2226,2,jarang
2227,2,jarang
2228,1,jarang
2229,1,jarang
2230,1,jarang
2231,1,jarang
2232,1,jarang
2233,1,jarang
2234,1,jarang
2235,1,jarang
2236,1,jarang
2237,1,jarang
2238,2,jarang
2239,1,jarang
2240,2,jarang
2241,2,jarang
2242,3,jarang
2243,2,jarang
2244,2,jarang
2245,1,jarang
2246,1,jarang
2247,1,jarang
2248,1,jarang
2249,1,jarang
2250,1,jarang
2251,1,jarang
2252,1,jarang
2253,27,sangat sering
2254,1,jarang
2255,1,jarang
2256,1,jarang
2257,1,jarang
2258,1,jarang
2259,3,jarang
2260,1,jarang
2261,1,jarang
2262,6,sering
2263,1,jarang
2264,1,jarang
2265,1,jarang
2266,1,jarang
2267,2,jarang
2268,1,jarang
2269,1,jarang
2270,1,jarang
2271,1,jarang
2272,4,jarang
2273,1,jarang
2274,1,jarang
2275,1,jarang
2276,1,jarang
2277,1,jarang
2278,1,jarang
2279,2,jarang
2280,1,jarang
2281,1,jarang
2282,1,jarang
2283,5,jarang
2284,5,jarang
2285,1,jarang
2286,1,jarang
2287,1,jarang
2288,2,jarang
2289,1,jarang
2290,1,jarang
2291,2,jarang
2292,1,jarang
2293,1,jarang
2294,1,jarang
2295,1,jarang
2296,3,jarang
2297,2,jarang
2298,1,jarang
2299,1,jarang
2300,2,jarang
2301,1,jarang
2302,3,jarang
2303,1,jarang
2304,1,jarang
2305,1,jarang
2306,1,jarang
2307,2,jarang
2308,1,jarang
2309,1,jarang
2310,1,jarang
2311,1,jarang
2312,1,jarang
2313,1,jarang
2314,1,jarang
2315,1,jarang
2316,1,jarang
2317,1,jarang
2318,1,jarang
2319,1,jarang
2320,1,jarang
2321,1,jarang
2322,1,jarang
2323,3,jarang
2324,1,jarang
2325,1,jarang
2326,4,jarang
2327,1,jarang
2328,1,jarang
2329,1,jarang
2330,1,jarang
2331,1,jarang
2332,3,jarang
2333,3,jarang
2334,1,jarang
2335,1,jarang
2336,2,jarang
2337,1,jarang
2338,1,jarang
2339,6,sering
2340,2,jarang
2341,1,jarang
2342,2,jarang
2343,2,jarang
2344,1,jarang
2345,1,jarang
2346,1,jarang
2347,2,jarang
2348,1,jarang
2349,1,jarang
2350,1,jarang
2351,1,jarang
2352,2,jarang
2353,1,jarang
2354,1,jarang
2355,1,jarang
2356,1,jarang
2357,1,jarang
2358,2,jarang
2359,1,jarang
2360,1,jarang
2361,1,jarang
2362,1,jarang
2363,1,jarang
2364,3,jarang
2365,1,jarang
2366,8,sering
2367,1,jarang
2368,1,jarang
2369,1,jarang
2370,1,jarang
2371,1,jarang
2372,1,jarang
2373,2,jarang
2374,1,jarang
2375,2,jarang
2376,2,jarang
2377,2,jarang
2378,3,jarang
2379,1,jarang
2380,1,jarang
2381,2,jarang
2382,1,jarang
2383,1,jarang
2384,1,jarang
2385,2,jarang
2386,1,jarang
